Top queries,Clicks,Impressions,CTR,Position
ai prompt examples,0,455,0%,77.89
chatgpt templates,0,309,0%,48.07
prompt examples,0,255,0%,75.02
best ai art prompts,0,254,0%,53.03
chatgpt template,0,224,0%,54.11
ai prompts examples,0,203,0%,83
chat gpt templates,0,192,0%,61.03
best prompts for ai art,0,183,0%,69.37
best ai image prompts,0,154,0%,67.51
ai prompt example,0,150,0%,78.18
chatgpt prompt templates,0,126,0%,45.02
free chatgpt prompt templates,0,124,0%,43.79
prompt studio,0,122,0%,49.8
prompt example,0,85,0%,73.19
chat gpt template,0,83,0%,67.99
chatgpt prompt template,0,82,0%,51.85
chat gpt template prompts,0,75,0%,53.87
best ai image generator prompts,0,72,0%,77.69
good ai image prompts,0,70,0%,81.76
chat gpt prompt templates,0,69,0%,48.26
sample ai prompts,0,69,0%,79.97
best prompt for ai image generator,0,66,0%,86.18
marketing prompt generator for sales copy,0,63,0%,10.86
prompt template chatgpt,0,61,0%,54.34
best ai prompts for images,0,60,0%,67.62
prompts examples,0,58,0%,74.69
ai prompt list,0,47,0%,89.09
examples of prompts,0,40,0%,82.35
good prompts for ai art,0,34,0%,69
marketing prompt generator with industry-specific templates,0,33,0%,25.45
prompt generator examples we,0,32,0%,37.56
good ai art prompts,0,32,0%,65.59
chatgpt prompts for content creation,0,20,0%,76.15
example of a prompt,0,20,0%,77.2
example of prompt,0,20,0%,77.5
example prompt,0,20,0%,80.5
ai niche specific prompt templates,0,18,0%,9.28
marketing copy generator,0,18,0%,70.22
best prompt for ai art,0,17,0%,53.94
chatgpt prompts for local seo tools,0,16,0%,66.31
chatgpt prompts for email marketing,0,16,0%,82.56
gemini prompt generator,0,15,0%,7.07
best ai image prompt,0,15,0%,75.73
prompts example,0,15,0%,79.13
best ai image generation prompts,0,15,0%,82.4
prompt template for chatgpt,0,13,0%,47.08
best ai prompts for art,0,13,0%,52
marketing prompt generator for ad copy creation,0,12,0%,62.67
chatgpt prompts for content creators,0,12,0%,70.58
sample prompt,0,12,0%,79.5
best prompts for ai image generator,0,11,0%,72.64
examples of ai prompts,0,11,0%,73
gemini prompt template,0,10,0%,16.9
prompt templates,0,10,0%,58.7
ai prompts voorbeelden,0,10,0%,63.8
example of prompt writing,0,10,0%,69.2
chatgpt prompts for social media,0,10,0%,77.7
chatgpt prompts template,0,9,0%,47.11
marketing prompt generator for email campaigns,0,9,0%,64.67
how to write ai art prompts,0,9,0%,68.67
good ai prompts for art,0,9,0%,72.11
chatgpt story prompt template,0,8,0%,41.75
prompt templates for chatgpt,0,8,0%,45.38
ai prompting examples,0,8,0%,78.12
example of prompts,0,8,0%,78.12
prompt generator examples web services,0,8,0%,79.5
example prompts,0,8,0%,89
good prompt for ai art,0,7,0%,80.86
best chatgpt prompt templates,0,6,0%,36
chatgpt prompts for social media posts,0,6,0%,58.83
gemini ai prompty,0,6,0%,67.17
prompt writer ai examples,0,6,0%,70.33
negative prompts for ai,0,6,0%,79.67
best prompts for ai images,0,6,0%,80.67
ai prompt examples generator,0,5,0%,50.4
chatgpt template generator,0,5,0%,57.2
how to customize a marketing prompt generator,0,5,0%,58.4
prompt ai examples,0,5,0%,65.8
prompt chatgpt seo,0,5,0%,68.2
examples of a prompt,0,5,0%,76.6
chatgpt seo prompts,0,5,0%,80.6
popular prompts for ai art,0,5,0%,82
how to use a marketing prompt generator effectively,0,5,0%,82.8
k templates chatgpt,0,4,0%,27.75
best bing ai prompts,0,4,0%,53.75
gpt prompt templates,0,4,0%,56
ai prompt engineering examples,0,4,0%,78
list of ai prompts,0,4,0%,95
gemini prompt optimization,0,3,0%,7.33
prompt examples ai,0,3,0%,32
claude prompt generator,0,3,0%,40
prompt examples for ai,0,3,0%,42.33
chatgpt image prompts,0,3,0%,47.67
chat gpt prompt template,0,3,0%,49.33
prompt templates chatgpt,0,3,0%,49.33
prompt generator gemini,0,3,0%,52.67
ai prompt templates,0,3,0%,57
roboflow,0,3,0%,58
best ai prompt for image,0,3,0%,67.33
seo chatgpt prompts,0,3,0%,76.67
chatgpt seo prompt,0,3,0%,77.33
prompt sample,0,3,0%,79.33
best prompts for image generation,0,3,0%,83.33
what is an example of a prompt,0,3,0%,84.33
best prompt to image ai,0,3,0%,89
generative ai prompt examples,0,3,0%,98.67
how to get the most out of gemini,0,2,0%,1
gemini seo prompts,0,2,0%,5
gemini create prompt,0,2,0%,10.5
ai prompt templates examples,0,2,0%,11
ai prompt ideas,0,2,0%,14.5
ai avatar prompt examples,0,2,0%,19
template prompt chatgpt,0,2,0%,25.5
prompt vorlagen chatgpt,0,2,0%,29.5
template chatgpt,0,2,0%,36.5
chat gpt prompt vorlagen,0,2,0%,41.5
good prompt examples,0,2,0%,45.5
chatgpt image promts,0,2,0%,47.5
gpt prompt template,0,2,0%,49.5
best practices for writing effective prompts for ai models,0,2,0%,52
ai prompt sample,0,2,0%,56.5
best ai prompts,0,2,0%,57
templates chatgpt,0,2,0%,59.5
ai prompt samples,0,2,0%,62.5
how to write prompts for ai art,0,2,0%,62.5
ai prompt examples free,0,2,0%,65
best ai photo prompts,0,2,0%,66
best prompts for ai generated art,0,2,0%,66
prompt for content creation,0,2,0%,66
negative prompts ai,0,2,0%,66.5
sample prompts for ai,0,2,0%,68
prompt samples,0,2,0%,71.5
prompt template examples,0,2,0%,71.5
prompts template,0,2,0%,72
master prompt generator,0,2,0%,72.5
what is a negative prompt in ai,0,2,0%,74
what are negative prompts,0,2,0%,76.5
what is negative prompt in ai,0,2,0%,77.5
seo prompt for chatgpt,0,2,0%,80
what is a negative prompt,0,2,0%,80
ai prompts list,0,2,0%,80.5
examples of prompt,0,2,0%,81
ai prompt 101,0,2,0%,81.5
prompt message example,0,2,0%,82
ai prompts for content creation,0,2,0%,82.5
best ai art generator prompts,0,2,0%,83.5
chat gpt prompt for content creation,0,2,0%,83.5
chat gpt prompts for content creation,0,2,0%,83.5
ai negative prompts,0,2,0%,84
best prompt for image generation,0,2,0%,85
ai prompts,0,2,0%,87
best ai photo prompt,0,2,0%,90
best image prompt,0,2,0%,90
what is a prompt in ai example,0,2,0%,90
cool prompts for ai art,0,2,0%,91
ai website generator prompt examples,0,1,0%,6
free ai automation tools 2025,0,1,0%,6
vibe coding best practices 2025,0,1,0%,6
prompt writers,0,1,0%,7
"""copy ai""",0,1,0%,10
professional prompt templates,0,1,0%,10
prompt text,0,1,0%,12
ai writing prompt examples,0,1,0%,14
dall-e prompt examples,0,1,0%,14
ai builder prompt,0,1,0%,18
text prompt,0,1,0%,19
quiplash examples,0,1,0%,23
template for chatgpt prompt,0,1,0%,30
google prompt generator,0,1,0%,31
chatgpt prompt vorlage,0,1,0%,33
chatgpt prompt templates download,0,1,0%,35
c.ai prompt ideas,0,1,0%,37
how to prompt gemini ai,0,1,0%,42
prompts for ai art,0,1,0%,46
chatgpt prompt image,0,1,0%,49
ai prompt studio,0,1,0%,50
chatgpt resume prompt template,0,1,0%,50
examples of good ai prompts,0,1,0%,50
chatgpt email marketing prompts,0,1,0%,51
amazing prompts for ai art,0,1,0%,52
prompt vorlagen chat gpt,0,1,0%,52
ai art generator prompt examples,0,1,0%,57
ai prompt text example,0,1,0%,58
chatgpt prompts for pictures,0,1,0%,58
best prompt for ai image,0,1,0%,59
custom marketing prompt generator for businesses,0,1,0%,60
ai marketing prompt generator for beginners,0,1,0%,61
gpt templates,0,1,0%,62
google gemini prompt library,0,1,0%,65
best ai background prompts,0,1,0%,66
ai system prompt examples,0,1,0%,67
chatgpt prompts email marketing,0,1,0%,67
chatgpt prompts for copywriting,0,1,0%,67
how to use simple copywriting prompts,0,1,0%,67
chatgpt prompt for image generation,0,1,0%,68
chatgpt prompts for photo,0,1,0%,69
ai prompt structure examples,0,1,0%,72
best photo prompts for chatgpt,0,1,0%,73
ai image negative prompt,0,1,0%,74
negative prompts for ai image generator,0,1,0%,74
chatgpt copywriting prompts,0,1,0%,75
negative ai prompt,0,1,0%,75
ai negative prompt,0,1,0%,77
negative ai prompts,0,1,0%,78
best ai art style prompts,0,1,0%,81
chatgpt prompts for website copy,0,1,0%,81
chatgpt picture prompts,0,1,0%,82
chatgpt prompts voor seo opdrachten,0,1,0%,83
prompt generator for gemini,0,1,0%,88
template prompt chat gpt,0,1,0%,88
c ai ideas generator,0,1,0%,90
best prompt ai image generator,0,1,0%,91
best prompt to generate ai images,0,1,0%,91
negative prompt,0,1,0%,91
ai image generator negative prompt,0,1,0%,92
chatgpt prompts for marketing,0,1,0%,92
cool ai art prompts,0,1,0%,92
how to create a template in chatgpt,0,1,0%,93
best photo prompt ai,0,1,0%,94
flow state programming,0,1,0%,94
ai image generator prompt examples,0,1,0%,95
ai prompt design best practices,0,1,0%,95
ai image prompts,0,1,0%,96
template chat gpt,0,1,0%,96
what is a prompt example,0,1,0%,97
prompt design,0,1,0%,99
copywriting prompt benefits,0,1,0%,101